ANIMATION	Animation()
AUDIO	AUDIO_Define()
AUDIO	AUDIO_Music_Play(int)
AUDIO	AUDIO_Sound_Play(int)
AUDIO	AUDIO_Volume_Change_Music(int,bool)
AUDIO	AUDIO_Volume_Change_Sound(int,bool)
CONTENT_Gametype_Load	GAMETYPE_Load()
CONTENT_Stages_Load_Write	STAGES_Files_Names_Load()
CONTENT_Stages_Load_Write	STAGES_Import()
CONTENT_Stages_Load_Write	STAGES_Import_RANDOM_Modules()
CONTENT_Stages_Load_Write	STAGE_Copy_To_Cache(int)
CONTENT_Stages_Load_Write	STAGE_Copy_To_StageC64()
CONTENT_Stages_Load_Write	STAGE_Load(int,int,bool,bool)
CONTENT_Stages_Load_Write	STAGE_Save(int)
ENEMIES	ENEMIES_Define()
ENEMIES_Collision	ENEMY_Check_Tilecollision(int)
ENEMIES_Collision	ENEMY_Collision_Down(int)
ENEMIES_Collision	ENEMY_Collision_Left(int)
ENEMIES_Collision	ENEMY_Collision_Right(int)
ENEMIES_Draw	ENEMIES_Draw()
ENEMIES_Draw	ENEMY_Draw(int)
ENEMIES_Move	ENEMIES_Move()
ENEMIES_Move	ENEMY_Change_Direction(int)
ENEMIES_Move	ENEMY_Gravity(int)
ENEMIES_Move	ENEMY_Jump(int)
ENEMIES_Move	ENEMY_Move_Dragon(int)
ENEMIES_Move	ENEMY_Move_Spider(int)
ENEMIES_Move	ENEMY_Walk(int)
GAME_ENVIRONMENT	GAME_ENVIRONMENT_Define()
GAME_ENVIRONMENT	Option_GameType_Load()
GAME_ENVIRONMENT	Options_Load()
GAME_ENVIRONMENT	Options_Save()
GRAPHICS_Sprites	SPRITES_Define()
GRAPHICS_Sprites	SPRITE_PowerUp_Activate(int,int)
GRAPHICS_Sprites	SPRITE_SmallCoin_Activate(int,int)
GRAPHICS_Sprites_Bullets	SPRITE_Bullet_Activate()
GRAPHICS_Sprites_Bullets	SPRITE_Bullet_Move()
GRAPHICS_Sprites_Bullets	Sprite_Bullet_Collision_Bottom()
GRAPHICS_Sprites_Bullets	Sprite_Bullet_Collision_Enemies(int)
GRAPHICS_Sprites_Bullets	Sprite_Bullet_Collision_Left()
GRAPHICS_Sprites_Bullets	Sprite_Bullet_Collision_PC()
GRAPHICS_Sprites_Bullets	Sprite_Bullet_Collision_Right()
GRAPHICS_Sprites_Bullets	Sprite_Bullet_Collision_Top()
GRAPHICS_Sprites_Bullets	Sprite_Bullet_Get_TargetEnemy()
GRAPHICS_Sprites_Draw	SPRITES_Draw()
GRAPHICS_Sprites_Draw	SPRITE_Bullet_Draw()
GRAPHICS_Sprites_Draw	SPRITE_Bullet_Explosion_Draw()
GRAPHICS_Sprites_Draw	SPRITE_DropStone_Draw(int)
GRAPHICS_Sprites_Draw	SPRITE_Platform_Draw()
GRAPHICS_Sprites_Draw	SPRITE_PowerUp_Draw(int)
GRAPHICS_Sprites_Draw	SPRITE_SmallCoin_Draw(int)
GRAPHICS_Sprites_Move	SPRITES_Move()
GRAPHICS_Sprites_Move	SPRITE_DropStone_Gravity(int)
GRAPHICS_Sprites_Move	Sprite_Platform_Move()
GRAPHICS_Sprites_Move	Sprite_PowerUp_Collision_Down(int)
GRAPHICS_Sprites_Move	Sprite_PowerUp_Collision_Left(int)
GRAPHICS_Sprites_Move	Sprite_PowerUp_Collision_Right(int)
GRAPHICS_Sprites_Move	Sprite_PowerUp_Gravity(int)
GRAPHICS_Sprites_Move	Sprite_PowerUp_Tilecollision(int)
GRAPHICS_Sprites_Move	Sprite_PowerUp_Walk(int)
GRAPHICS_Sprites_Move	Sprite_SmallCoin_Gravity(int)
GRAPHICS_Tiles_Animations	SwitchTileToNextFrame(int,int)
GRAPHICS_Tiles_Define	TILES_Define()
GRAPHICS_Tiles_Draw	TILE_Draw(int,int,int)
GRAPHICS_Tiles_Draw	drawGround(int)
GRAPHICS_Tiles_Elements	ElementHeight(int)
GRAPHICS_Tiles_Elements	ElementWidth(int)
GRAPHICS_Tiles_Switch_Tile	Check_Switch_Tile_Down(int,int)
INTERFACE_Draw	INTERFACE_Tile_Draw(int,int,int)
INTERFACE_Draw	OVERLAY_Volume_Draw_Music()
INTERFACE_Draw	OVERLAY_Volume_Draw_Sound()
LOOP_Credits	LOOP_Credits()
LOOP_Credits	LOOP_Credits_Draw()
LOOP_Editor_Stages	LOOP_Editor_Stages()
LOOP_Editor_Stages	LOOP_Editor_Stages_Draw_Stage()
LOOP_Editor_Stages	LOOP_Editor_Stages_Load_Stage(int)
LOOP_Editor_Stages_Creator	LOOP_Editor_Stages_Create(int,bool,bool,bool)
LOOP_Editor_Stages_Creator	LOOP_Editor_Stages_Create_Distribute_Modules(int)
LOOP_Editor_Stages_Creator	LOOP_Editor_Stages_Create_Distribute_Objects(int)
LOOP_Editor_Stages_Creator_Functions	CREATOR_Stages_Clear()
LOOP_Editor_Stages_Creator_Functions	CREATOR_Stages_Clear_Enemies()
LOOP_Editor_Stages_Creator_Functions	CREATOR_Stages_Create_Ground_With_Holes(int,bool)
LOOP_Editor_Stages_Creator_Functions	CREATOR_Stages_Ground(int)
LOOP_Editor_Stages_Creator_Functions	CREATOR_Stages_Reset_Start_Positions()
LOOP_Editor_Stages_Enemies	LOOP_Editor_Stages_Draw_Enemies()
LOOP_Editor_Stages_Enemies	LOOP_Editor_Stages_Draw_Enemy(int)
LOOP_Editor_Stages_Enemies	LOOP_Editor_Stages_Set_Enemy(int,int)
LOOP_Editor_Stages_Enemies	LOOP_Editor_Stages_Set_New_Enemy(int,int,int)
LOOP_Editor_Stages_Interface	LOOP_Editor_Stages_Draw_Autocreate_Functions()
LOOP_Editor_Stages_Interface	LOOP_Editor_Stages_Draw_Enemy_Selection()
LOOP_Editor_Stages_Interface	LOOP_Editor_Stages_Draw_Interface()
LOOP_Editor_Stages_Interface	LOOP_Editor_Stages_Draw_Interface_Tile(int,int,int)
LOOP_Editor_Stages_Interface	LOOP_Editor_Stages_Pick_TileType()
LOOP_Editor_Stages_Set_Elements	LOOP_Editor_Stages_Delete_Tile(int,int)
LOOP_Editor_Stages_Set_Elements	LOOP_Editor_Stages_Room_For_Object(int,int,int)
LOOP_Editor_Stages_Set_Elements	LOOP_Editor_Stages_Set_StartPosition()
LOOP_Editor_Stages_Set_Elements	LOOP_Editor_Stages_Set_Tile(int,int,int)
LOOP_Editor_Stages_Set_Elements	LOOP_Editor_Stages_Set_Tile_Check(int,int,int)
LOOP_Editor_Stages_Sprites	LOOP_Editor_Stages_SPRITE_Platform_Draw()
LOOP_Editor_Stages_Sprites	LOOP_Editor_Stages_SPRITE_Platform_Set(int,int)
LOOP_Editor_Stages_Stage_Settings	LOOP_Editor_Stages_Change_Stage_Settings()
LOOP_Editor_Tiles	Change_Settings()
LOOP_Editor_Tiles	LOOP_Editor_Tiles()
LOOP_Editor_Tiles	LOOP_Editor_Tiles_Draw()
LOOP_Editor_Tiles	LOOP_Editor_Tiles_Interface_Draw()
LOOP_Editor_Tiles	Mark_Nothing()
LOOP_Editor_Tiles	Mark_Tiles()
LOOP_Editor_Tiles	TileSheet_Load()
LOOP_Editor_Tiles	Tilesheet_Save()
LOOP_Gameloop	LOOP_Gameloop_Standard()
LOOP_Gameloop_Splashscreens	LOOP_Gameloop_Splashscreen()
LOOP_Gameloop_Splashscreens	LOOP_Gameloop_Splashscreen_Draw()
LOOP_Gameloop_Splashscreens	LOOP_Gameloop_Warpscreen()
LOOP_Gameloop_Splashscreens	LOOP_Gameloop_Warpscreen_Draw()
LOOP_Menu	LOOP_Menu()
LOOP_Menu	LOOP_Menu_Define_Positions(int)
LOOP_Menu	LOOP_Menu_Draw()
LOOP_Options	LOOP_Options()
LOOP_Options	LOOP_Options_Draw()
LOOP_Stagefile_Load	LOOP_Stagefile_Load()
LOOP_Stagefile_Load	LOOP_Stagefile_Load_Draw()
LOOP_Stagefile_Load	Load_Stagefile(int)
LOOP_Story	LOOP_Story()
LOOP_Story	LOOP_Story_Draw()
PLAYER	PC_Define()
PLAYER	PC_PowerUp_Set(int)
PLAYER_Collision_NonSolids	Delete_Coin(int,int)
PLAYER_Collision_NonSolids	PC_Check_TilecollisionNonSolid()
PLAYER_Collision_NonSolids	PC_Collision_Exit()
PLAYER_Collision_Solids	PC_Check_Tilecollision()
PLAYER_Collision_Solids	PC_Collision_Down()
PLAYER_Collision_Solids	PC_Collision_Down_Stone()
PLAYER_Collision_Solids	PC_Collision_Left()
PLAYER_Collision_Solids	PC_Collision_Right()
PLAYER_Collision_Solids	PC_Collision_Up()
PLAYER_Collision_Solids_Specials	PC_Collision_Breakable()
PLAYER_Collision_Solids_Specials	PC_Collision_CoinBlock()
PLAYER_Collision_Solids_Specials	PC_Collision_CoinBlockHelmet()
PLAYER_Collision_Solids_Specials	PC_Collision_DropStone()
PLAYER_Collision_Solids_Specials	PC_Collision_PowerUpBlock()
PLAYER_Collision_Solids_Specials	PC_Collision_WarpStone()
PLAYER_Collision_Sprites	PC_Check_Collision_Enemy(int)
PLAYER_Collision_Sprites	PC_Check_Collision_PowerUp(int)
PLAYER_Collision_Sprites	PC_Check_Collision_Sprites()
PLAYER_Draw	PC_Draw(int,int)
PLAYER_Jump	PC_Gravity()
PLAYER_Jump	PC_Jump()
PLAYER_Killed	PC_Death_Routine()
PLAYER_Killed	PC_Killed()
PLAYER_Run	PC_Friction()
PLAYER_Run	PC_Run()
STAGE_Draw	BACKGROUND_ELEMENTS_Indoors_Draw()
STAGE_Draw	BACKGROUND_ELEMENTS_Outdoors_Draw()
STAGE_Draw	Background_DrawATube(int,int,bool)
STAGE_Draw	STAGE_Draw()
STAGE_Interface_Draw	STAGE_Interface_Draw()
SYSTEM_Debug_Infos	show_DebugInfos()
SYSTEM_Draw_Text	DrawChar(int,int,int,double,char)
SYSTEM_Draw_Text	DrawChar_Big(int,int,int,double,char)
SYSTEM_Draw_Text	Print(int,int,int,double,const char *)
SYSTEM_Draw_Text	PrintInt(int,int,int,double,int)
SYSTEM_Draw_Text	PrintInt_Big(int,int,int,double,int)
SYSTEM_Draw_Text	Print_Big(int,int,int,double,const char *)
SYSTEM_Input_General	INPUT_General()
SYSTEM_SDL_Textures	loadTextures()
SYSTEM_SDL_init	SYSTEM_SetResolution(int)
SYSTEM_SDL_init	init()
SYSTEM_SDL_init	toggleScreenmode()
SYSTEM_SDL_input	getInput()
SYSTEM_Update_Screen	Hide_Borders_Widescreen()
SYSTEM_Update_Screen	Update_Screen()
SYSTEM_Vector_Operations	defineAngles()
SYSTEM_Vector_Operations	getAngleNumber(double)
SYSTEM_Vector_Operations	vector_add(Vector3 *,Vector3 *)
SYSTEM_Vector_Operations	vector_cross(Vector3 *,Vector3 *)
SYSTEM_Vector_Operations	vector_direction_32(Vector3 *)
SYSTEM_Vector_Operations	vector_dot(Vector3 *,Vector3 *)
SYSTEM_Vector_Operations	vector_length(Vector3 *)
SYSTEM_Vector_Operations	vector_normalize(Vector3 *)
main	close()
main	main(int,char *[])
